Package Name,Price,Sessions,Duration,Grace Period
,1847,4,90 DAYS,
,1847,4,120 DAYS,
,1847,4,120 DAYS,
,1847,4,120 DAYS,
,3197,4,120 DAYS,
,3200,4,120 DAYS,
,1397,4,120 DAYS,
,2297,4,120 DAYS,
,1847,4,120 DAYS,
,1997,4,120 DAYS,
,2297,4,120 DAYS,
,1697,4,90 DAYS,
,2597,4,120 DAYS,
,3197,4,120 DAYS,
,3197,4,120 DAYS,
,3197,4,120 DAYS,
,2297,4,120 DAYS,
,3197,4,120 DAYS,
,3197,4,120 DAYS,
,1697,4,120 DAYS,
,3197,4,120 DAYS,
,1697,4,120 DAYS,
,3197,4,120 DAYS,
,1697,4,90 DAYS,
,1697,4,120 DAYS,
,1097,4,120 DAYS,
,3197,4,120 DAYS,
,1397,4,120 DAYS,
,1247,4,120 DAYS,
,6197,4,120 DAYS,
,3197,4,120 DAYS,
,1697,4,120 DAYS,
,3197,4,120 DAYS,
,3197,4,120 DAYS,
,2597,4,120 DAYS,
,3197,4,120 DAYS,
,2897,4,120 DAYS,
,3197,4,120 DAYS,
,3197,4,120 DAYS,
,1847,4,120 DAYS,
,1247,4,120 DAYS,
,4396,5,120 DAYS,
,4246,5,120 DAYS,
,2846,5,120 DAYS,
,5346,5,120 DAYS,
,1123.5,2,60 DAYS,
,649,2,60 DAYS,
,549,2,60 DAYS,
,1000,2,60 DAYS,
,699,2,60 DAYS,
,699,2,60 DAYS,
,499,2,60 DAYS,
,1149,2,60 DAYS,
,1149,2,30 DAYS,
,999,2,30 DAYS,
,1000,2,60 DAYS,
,799,2,60 DAYS,
,549,2,60 DAYS,
,549,2,60 DAYS,
,1500,2,60 DAYS,
,749,2,30 DAYS,
,1649,2,60 DAYS,
,973.5,2,30 DAYS,
,1497,4,120 DAYS,