Product Name,Price,Notes
,210,
,300,
,1399,
,650,
,680,
,140,
,3500,
,34,
,380,
,229,
,140,
,350,
,380,
,140,
,240,
,350,
,350,
,350,
,1099,
,240,
,2400,
,30,
,240,
,190,
,95,
,95,
,95,
,95,
,95,
,250,
,150,
,150,
,225,
,158,
,250,
,590,
,3500,
,34,
,2800,
,,
,35,
,1400,
,13,
,380,
,240,
,260,
,95,
,260,
,240,
,95,
,250,
,160,
,95,
,195,
,380,
,135,100 GEL CAPSULES ONCE/DAY
,150,
,150,
,150,
,190,
,7800,
,35,
,270,
,280,
,590,
,180,
,350,
,270,
,632,
,190,
,261,
,150,
,280,
,649,
,1400,
,13,
,380,
,190,
,280,
,150,
,180,
,140,